<?xml version="1.0" encoding="UTF-8"?>
<project-private xmlns="http://www.netbeans.org/ns/project-private/1">
    <editor-bookmarks xmlns="http://www.netbeans.org/ns/editor-bookmarks/2" lastBookmarkId="0"/>
    <open-files xmlns="http://www.netbeans.org/ns/projectui-open-files/2">
        <group>
            <file>file:/C:/Users/ZeroOne/Documents/Ciencia%20da%20Computação/9°%20periodo/Sistemas%20Inteligentes/TrabAprendizadoSupervisionado/PrevisaoClima/src/previsaoclima/ControllerPrevisao.java</file>
            <file>file:/C:/Users/ZeroOne/Documents/Ciencia%20da%20Computação/9°%20periodo/Sistemas%20Inteligentes/TrabAprendizadoSupervisionado/PrevisaoClima/src/previsaoclima/PrevisaoTempo.java</file>
            <file>file:/C:/Users/ZeroOne/Documents/Ciencia%20da%20Computação/9°%20periodo/Sistemas%20Inteligentes/TrabAprendizadoSupervisionado/PrevisaoClima/src/previsaoclima/PrevisaoClima.java</file>
        </group>
    </open-files>
</project-private>
